Title,URL,Publication date,Main content,Regulator identifier
The EBA consults on draft amending technical standards on factors assessing the appropriateness of real estate risk weights,https://www.eba.europa.eu/publications-and-media/press-releases/eba-consults-draft-amending-technical-standards-factors-assessing-appropriateness-real-estate-risk,30 APRIL 2025,"The EBA consults on draft amending technical standards on factors assessing the appropriateness of real estate risk weights
News & Press
30 April 2025
The European Banking Authority (EBA) today launched a public consultation on its draft amending Regulatory Technical Standards (RTS) on the types of factors to be considered by national authorities in assessing the appropriateness of real estate risk weights. This review is driven by the revised Capital Requirements Regulation (CRR 3), which confers a new mandate onto the EBA. The consultation runs until 30 May 2025.
Based on the assessment of the CRR3 changes to the treatment of exposures secured by immovable property, the only proposed amendment to the existing RTS consists in updating the relevant legal references to align with the new banking framework.
It is important to note that the original RTS were delivered jointly with another set of technical standards on the appropriateness of the minimum loss given default (LGD) values for retail exposures secured by immovable property. For the sake of simplification and regulatory consistency, the EBA is, therefore, proposing to align both RTS with the CRR3.
Given the narrow scope of the amendments to the RTS, the EBA will run this consultation over only month.
Consultation process
Responses to this consultation can be sent to the EBA by clicking on the ""send your comments"" button on the consultation page. Please note that the deadline for the submission of comments is 30 May 2025.
A
public hearing
will take place via conference call on Tuesday 13 May from 14:00 to 15:00 CEST. The deadline for registration is the 9 May 2025, 16:00 CEST.
All contributions received will be published after the consultation closes, unless requested otherwise.
Legal basis and next steps
These draft RTS have been developed according to Article 124(11) of Regulation (EU) 2024/1623 (CRR3), which mandates the EBA, in close cooperation with the European Systemic Risk Board, to develop draft RTS to specify the types of factors to be considered for the assessment of the appropriateness of the risk weights referred to in article 124(11).
Documents
Consultation paper on amending RTS on the assessment of appropriateness of risk weights and minimum LGD values
(402.14 KB - PDF)
Download
Related content
Draft Regulatory Technical Standards
Under consultation
Regulatory Technical Standards concerning the assessment of appropriateness of risk weights and minimum LGD values
Consultation
30 MAY 2025
Consultation on amending Regulatory Technical Standards concerning the assessment of appropriateness of risk weights and minimum LGD values
Topic
Credit risk
Press contacts
Franca Rosa Congiu
press@eba.europa.eu
+33 1 86 52 7052
Follow @EBA_News",EBA
The EBA issues criteria to determine when Crypto Assets Service Providers have to appoint a central contact point to help fight financial crime,https://www.eba.europa.eu/publications-and-media/press-releases/eba-issues-criteria-determine-when-crypto-assets-service-providers-have-appoint-central-contact,25 APRIL 2025,"The EBA issues criteria to determine when Crypto Assets Service Providers have to appoint a central contact point to help fight financial crime
Press Release
25 April 2025
The European Banking Authority (EBA) today published new draft Regulatory Technical Standards (RTS) that define when crypto-asset service providers (CASPs) have to appoint a central contact point. A central contact point can be an important tool in the fight against financial crime.
CASPs established in one EU Member State can provide services in another EU Member State. In some cases, where they have a local ‘establishment’, for example a crypto ATM, they must comply with local anti-money laundering and countering the financing of terrorism (AML/CFT) obligations as well as those that apply in the home Member State. In those situations, central contact points can help mitigate the money laundering and terrorist financing (ML/TF) risks associated with the cross-border provision of crypto asset services and facilitate adequate AML/CFT supervision and oversight.
The draft RTS set out:
The conditions under which CASPs should appoint a central contact point; and
The roles and responsibilities of that central contact point.
In line with the EBA’s legal mandate, the draft RTS do not define the form a central contact point should take, or where in the EU it should be based.
Legal basis, background
Article 45(10) of Directive (EU) 2015/849 requires the EBA to develop RTS setting out the criteria for determining the circumstances in which the appointment of a central contact point is appropriate, and the functions of the central contact points.
A first version of such draft regulatory standards was issued in 2017. This Commission Delegated Regulation (EU) 2018/1108 was published in the Official Journal of the EU in 2018. The scope was limited to Electronic Money Institutions (EMIs) and Payment Service Providers (PSPs).
Regulation (EU) 2023/1113 on information accompanying transfers of funds and certain crypto-assets applies from 30 December 2024. It amends Directive (EU) 2015/849, inter alia by extending its scope to crypto-asset service providers. Consequently, Article 45(9) of this Directive extends provisions that Member States may require EMIs and PSPs established on their territory in forms other than a branch, and whose head office is situated in another Member State, to appoint a CCP point in their territory to CASPs. This means that the EBA has to update the Commission Delegated Regulation (EU) 2018/1108.
Documents
Final Report Draft RTS on the criteria for the appointment of CCP for CASPs and with rules on their functions
(507.53 KB - PDF)
Download
Related content
Draft Regulatory Technical Standards
Final draft RTS/ITS adopted by the EBA and submitted to the European Commission
Regulatory Technical Standards  on CCP to strengthen fight against financial crime
Topic
Anti-Money Laundering and Countering the Financing of Terrorism
Press contacts
Franca Rosa Congiu
press@eba.europa.eu
+33 1 86 52 7052
Follow @EBA_News",EBA
The EBA publishes key indicators on climate risk in the EU/EEA banking sector,https://www.eba.europa.eu/publications-and-media/press-releases/eba-publishes-key-indicators-climate-risk-eueea-banking-sector,25 APRIL 2025,"The EBA publishes key indicators on climate risk in the EU/EEA banking sector
Press Release
25 April 2025
The European Banking Authority (EBA) today released an
ESG dashboard
that establishes a broader ESG risks monitoring framework and allows centralised access to comparable climate risk indicators. This dashboard provides benchmarks and enhances the assessment and monitoring of transition and physical climate-related risk across the EU/EEA banking sector. It is based on the information disclosed by banks as part of their Pillar 3 ESG disclosures.
This dashboard covers climate risk, both from a transition and a physical perspective. The indicators show the spectrum of green financing, based on the alignment with the EU Taxonomy, as well as beyond the Taxonomy criteria, considering internal definitions of green finance used by institutions.
The data show a substantial exposure (above 70% in most countries) of the EU/EEA banks to corporates from sectors highly contributing to climate change. This may imply a significant exposure to
climate-related transition risk
, especially if companies are affected by policy measures related to sustainability objectives, if a need to invest in technological change arises, or are affected by changing consumer preferences. Companies active in these sectors may of course be affected by these risks to a different extent and the aggregate data cannot recognise individual differences or transition measures already taken.
Indicators related to
physical risk
show an average share of exposures in areas subject to elevated physical risk below 30% in most countries. However, the granularity at which data is disclosed in different geographical locations, as well as the assessment methodologies vary across institutions. The indicators are built on data disclosed by institutions presenting their own assessment of the exposures and geographical areas exposed to this type of risk.
The dashboard also includes specific indicators for
exposures secured by immovable property collateral
, showing that approximately half of the EU real estate lending is classified in the first two buckets of energy efficiency, lower than 200 kWh/m2 of collateral. This may indicate relatively limited transition risk related to immovable property collateral. However, banks report that they largely rely on proxies and estimates with regard to energy efficiency data, hence the need to interpret this data with caution.
Finally, the tool provides indicators related to EU/EEA banks’ alignment with the EU Taxonomy and beyond. While the
Green Asset Ratio (GAR)
remains low, slightly below 3% on average, there is noticeable dispersion across EU/EEA banks and countries. The currently low level of the indicator owes to the structure of the indicator itself. The computed loan GAR, which aligns the numerator and the denominator of the indicator, displays higher levels. The low level of the indicator is also due to the fact that the economy is still under transition, with at this stage few activities being able to demonstrate alignment with the Taxonomy criteria. To facilitate the interpretation, the GAR figures are accompanied by further indicators, offering a more detailed focus on lending to specific types of counterparties, presenting the scope of exposures that are eligible to be assessed against the Taxonomy criteria, and the extent of green lending based on other criteria than the EU Taxonomy.
Legal basis, background and next steps
The development of the ESG risk monitoring framework supports the Commission’s objective to systemically monitor climate-related financial stability risks. The ESG risk indicators have been developed in accordance with Article 29(f) of the EBA founding regulation (Regulation EU
1093/201
), requiring the EBA to put in place a monitoring system to assess environmental, social and governance-related risks taking into account the Paris Agreement to the United Nations Framework Convention on Climate Change.
The indicators are built based on Pillar 3 ESG data disclosed by banks with reference dates of 31 December 2023 and 30 June 2024.
The EBA intends to regularly update and evolve the indicators over time. Given that the Pillar 3 disclosure templates are presently under revision, the charts and indicators may be adjusted in future updated versions. This relates in particular to the Taxonomy alignment indicators (any changes to the GAR in the relevant regulations would be reflected in future updates of the ESG risks monitoring tool).
Related content
Page
ESG dashboard
Topic
Sustainable finance
Link
Virtual ESG dashboard
Press contacts
Franca Rosa Congiu
press@eba.europa.eu
+33 1 86 52 7052
Follow @EBA_News",EBA
